Subject_ID,MRI_ID,Group,M_F,Visit,Hand,MR_Delay,Age,EDUC,SES,MMSE,CDR,eTIV,nWBV,ASF
OAS2_0106,OAS2_0106_MR1,Demented,F,1,R,2,2,1,4,1,4,2,2,3
OAS2_0048,OAS2_0048_MR4,Demented,M,4,R,3,1,3,1,0,4,4,1,1
OAS2_0129,OAS2_0129_MR3,Nondemented,F,3,R,4,3,4,1,3,2,2,0,3
OAS2_0051,OAS2_0051_MR2,Nondemented,F,2,R,2,5,5,1,3,2,2,2,2
OAS2_0175,OAS2_0175_MR2,Demented,M,2,R,3,2,3,4,3,3,4,2,1
OAS2_0035,OAS2_0035_MR1,Nondemented,F,1,R,2,4,2,4,3,2,2,3,3
OAS2_0088,OAS2_0088_MR2,Demented,M,2,R,3,3,2,4,1,4,3,1,2
OAS2_0086,OAS2_0086_MR2,Nondemented,F,2,R,3,1,3,2,3,2,3,4,2
OAS2_0085,OAS2_0085_MR1,Nondemented,F,1,R,2,3,0,5,3,2,2,3,3
OAS2_0056,OAS2_0056_MR2,Nondemented,F,2,R,3,2,2,2,3,2,2,3,3
OAS2_0007,OAS2_0007_MR4,Demented,M,4,R,4,2,3,2,2,4,2,2,3
OAS2_0008,OAS2_0008_MR1,Nondemented,F,1,R,2,5,2,2,3,2,1,2,4
OAS2_0081,OAS2_0081_MR2,Demented,F,2,R,3,3,2,4,2,3,1,1,4
OAS2_0046,OAS2_0046_MR2,Demented,F,2,R,2,4,3,2,1,4,2,3,2
OAS2_0108,OAS2_0108_MR1,Demented,M,1,R,2,2,4,1,2,3,3,4,2
OAS2_0017,OAS2_0017_MR1,Nondemented,M,1,R,2,3,2,3,3,2,4,3,1
OAS2_0078,OAS2_0078_MR3,Nondemented,M,3,R,3,4,3,1,3,2,4,1,1
OAS2_0073,OAS2_0073_MR2,Nondemented,F,2,R,2,2,2,3,3,2,3,4,2
OAS2_0129,OAS2_0129_MR2,Nondemented,F,2,R,3,3,4,1,3,2,2,1,3
OAS2_0108,OAS2_0108_MR2,Demented,M,2,R,3,3,4,1,2,3,3,4,2
OAS2_0075,OAS2_0075_MR1,Demented,F,1,R,2,2,0,5,2,3,1,3,5
OAS2_0177,OAS2_0177_MR2,Nondemented,M,2,R,3,2,2,3,3,2,3,4,2
OAS2_0018,OAS2_0018_MR4,Converted,F,4,R,5,4,2,1,2,3,2,2,3
OAS2_0127,OAS2_0127_MR1,Converted,M,1,R,2,3,4,1,3,2,3,2,2
OAS2_0154,OAS2_0154_MR1,Nondemented,F,1,R,2,2,4,1,3,2,2,3,3
OAS2_0007,OAS2_0007_MR1,Demented,M,1,R,2,2,3,2,3,3,2,3,3
OAS2_0091,OAS2_0091_MR1,Nondemented,M,1,R,2,2,2,4,3,2,3,3,2
OAS2_0135,OAS2_0135_MR1,Nondemented,M,1,R,2,2,4,2,3,2,3,1,2
OAS2_0139,OAS2_0139_MR2,Demented,F,2,R,2,1,3,1,3,3,2,2,3
OAS2_0159,OAS2_0159_MR2,Demented,F,2,R,3,2,2,3,3,3,1,3,4
OAS2_0044,OAS2_0044_MR2,Demented,M,2,R,2,1,2,4,0,4,2,1,3
OAS2_0090,OAS2_0090_MR1,Nondemented,M,1,R,2,2,4,2,3,2,3,4,2
OAS2_0171,OAS2_0171_MR3,Nondemented,M,3,R,4,3,3,3,3,2,5,3,1
OAS2_0128,OAS2_0128_MR2,Nondemented,F,2,R,3,3,3,1,3,2,2,3,3
OAS2_0061,OAS2_0061_MR2,Nondemented,M,2,R,3,2,4,1,3,2,4,3,1
OAS2_0073,OAS2_0073_MR5,Nondemented,F,5,R,5,2,2,3,3,2,3,4,2
OAS2_0062,OAS2_0062_MR1,Nondemented,F,1,R,2,3,4,2,3,2,3,2,2
OAS2_0048,OAS2_0048_MR2,Demented,M,2,R,2,1,3,1,1,4,4,2,1
OAS2_0147,OAS2_0147_MR1,Nondemented,F,1,R,2,2,2,2,3,2,2,4,3
OAS2_0154,OAS2_0154_MR2,Nondemented,F,2,R,3,2,4,1,3,2,3,2,2
OAS2_0184,OAS2_0184_MR2,Demented,F,2,R,2,2,3,3,1,4,2,2,3
OAS2_0085,OAS2_0085_MR2,Nondemented,F,2,R,3,3,0,5,2,2,2,3,3
OAS2_0162,OAS2_0162_MR1,Demented,M,1,R,2,3,2,2,1,3,3,1,2
OAS2_0032,OAS2_0032_MR1,Demented,M,1,R,2,4,2,3,1,3,1,1,4
OAS2_0095,OAS2_0095_MR2,Nondemented,M,2,R,3,2,4,1,3,2,4,1,1
OAS2_0143,OAS2_0143_MR3,Nondemented,F,3,R,4,5,4,2,3,2,4,2,1
OAS2_0135,OAS2_0135_MR2,Nondemented,M,2,R,3,3,4,2,2,2,3,1,2
OAS2_0067,OAS2_0067_MR1,Nondemented,M,1,R,2,1,2,4,3,2,2,2,3
OAS2_0124,OAS2_0124_MR2,Demented,M,2,R,2,2,3,3,2,3,2,3,2
OAS2_0022,OAS2_0022_MR1,Nondemented,F,1,R,2,0,3,3,3,2,2,4,4
OAS2_0007,OAS2_0007_MR3,Demented,M,3,R,2,2,3,2,2,4,2,2,3
OAS2_0160,OAS2_0160_MR1,Demented,M,1,R,2,2,2,2,2,3,3,2,2
OAS2_0069,OAS2_0069_MR1,Nondemented,F,1,R,2,3,4,2,3,2,2,1,2
OAS2_0183,OAS2_0183_MR4,Nondemented,F,4,R,5,2,2,2,3,2,3,2,2
OAS2_0098,OAS2_0098_MR2,Demented,M,2,R,3,1,2,4,3,3,2,4,3
OAS2_0060,OAS2_0060_MR1,Demented,M,1,R,2,2,2,4,3,3,2,4,3
OAS2_0060,OAS2_0060_MR2,Demented,M,2,R,4,3,2,4,3,3,2,3,3
OAS2_0145,OAS2_0145_MR2,Converted,F,2,R,4,2,3,3,3,3,1,4,4
OAS2_0116,OAS2_0116_MR2,Demented,F,2,R,3,2,2,3,3,3,2,4,3
OAS2_0077,OAS2_0077_MR1,Nondemented,M,1,R,2,1,3,2,3,2,5,3,1
OAS2_0140,OAS2_0140_MR1,Demented,F,1,R,2,2,3,3,2,3,2,2,3
OAS2_0037,OAS2_0037_MR3,Demented,M,3,R,5,4,2,4,2,3,2,2,2
OAS2_0050,OAS2_0050_MR2,Demented,M,2,R,2,2,2,4,0,4,2,2,2
OAS2_0045,OAS2_0045_MR1,Nondemented,F,1,R,2,2,4,1,3,2,2,3,3
OAS2_0137,OAS2_0137_MR1,Demented,M,1,R,2,2,4,2,3,3,3,3,1
OAS2_0174,OAS2_0174_MR1,Nondemented,M,1,R,2,0,2,4,3,2,2,5,3
OAS2_0013,OAS2_0013_MR2,Nondemented,F,2,R,3,3,2,4,3,2,1,2,4
OAS2_0145,OAS2_0145_MR1,Converted,F,1,R,2,1,3,3,3,2,1,4,4
OAS2_0117,OAS2_0117_MR2,Nondemented,M,2,R,2,2,4,2,3,2,4,3,1
OAS2_0080,OAS2_0080_MR3,Demented,M,3,R,3,1,3,2,3,3,3,2,2
OAS2_0021,OAS2_0021_MR1,Demented,M,1,R,2,2,4,1,2,3,5,2,0
OAS2_0117,OAS2_0117_MR4,Nondemented,M,4,R,5,3,4,2,3,2,4,2,1
OAS2_0111,OAS2_0111_MR2,Demented,M,2,R,3,1,2,4,0,3,3,2,2
OAS2_0029,OAS2_0029_MR2,Nondemented,F,2,R,3,3,2,4,3,2,2,3,3
OAS2_0002,OAS2_0002_MR3,Demented,M,3,R,5,3,2,2,1,3,4,2,1
OAS2_0049,OAS2_0049_MR3,Nondemented,F,3,R,3,2,3,3,3,2,3,4,2
OAS2_0127,OAS2_0127_MR4,Converted,M,4,R,5,3,4,1,3,3,4,1,1
OAS2_0113,OAS2_0113_MR1,Demented,F,1,R,2,2,2,2,1,3,3,2,2
OAS2_0042,OAS2_0042_MR2,Nondemented,F,2,R,3,2,3,3,3,2,4,3,1
OAS2_0101,OAS2_0101_MR3,Nondemented,F,3,R,4,2,4,2,3,2,2,3,3
OAS2_0089,OAS2_0089_MR3,Demented,M,3,R,2,2,2,2,2,4,2,1,3
OAS2_0070,OAS2_0070_MR4,Nondemented,M,4,R,5,4,3,1,3,2,4,2,1
OAS2_0004,OAS2_0004_MR2,Nondemented,F,2,R,2,4,4,3,2,2,1,2,4
OAS2_0100,OAS2_0100_MR2,Nondemented,F,2,R,3,3,1,4,3,2,3,3,2
OAS2_0139,OAS2_0139_MR1,Demented,F,1,R,2,1,3,1,3,3,2,4,3
OAS2_0073,OAS2_0073_MR1,Nondemented,F,1,R,2,2,2,3,3,2,3,4,2
OAS2_0174,OAS2_0174_MR2,Nondemented,M,2,R,3,0,2,4,3,2,2,4,3
OAS2_0041,OAS2_0041_MR2,Converted,F,2,R,3,2,3,1,3,2,1,4,4
OAS2_0157,OAS2_0157_MR2,Demented,F,2,R,3,2,2,2,0,4,2,1,2
OAS2_0036,OAS2_0036_MR5,Nondemented,F,5,R,5,2,2,4,3,2,2,4,3
OAS2_0161,OAS2_0161_MR1,Nondemented,M,1,R,2,2,3,1,3,2,4,2,1
OAS2_0176,OAS2_0176_MR2,Converted,M,2,R,3,4,3,2,3,2,2,2,3
OAS2_0043,OAS2_0043_MR2,Demented,F,2,R,2,2,2,4,2,3,2,3,3
OAS2_0034,OAS2_0034_MR3,Nondemented,F,3,R,4,3,3,1,3,2,2,2,3
OAS2_0008,OAS2_0008_MR2,Nondemented,F,2,R,3,5,2,2,3,2,1,2,4
OAS2_0090,OAS2_0090_MR2,Nondemented,M,2,R,3,2,4,2,3,2,3,4,2
OAS2_0092,OAS2_0092_MR1,Converted,F,1,R,2,3,2,2,3,2,2,3,3
OAS2_0010,OAS2_0010_MR2,Demented,F,2,R,3,1,2,3,3,3,2,3,2
OAS2_0181,OAS2_0181_MR3,Demented,F,3,R,3,2,2,2,3,4,1,2,5
OAS2_0100,OAS2_0100_MR1,Nondemented,F,1,R,2,2,1,4,3,2,3,4,2
OAS2_0146,OAS2_0146_MR2,Demented,F,2,R,2,3,3,2,1,4,4,2,1
OAS2_0070,OAS2_0070_MR5,Nondemented,M,5,R,5,4,3,1,3,2,4,2,1
OAS2_0121,OAS2_0121_MR2,Nondemented,F,2,R,3,2,1,4,3,2,3,2,2
OAS2_0049,OAS2_0049_MR2,Nondemented,F,2,R,2,2,3,3,3,2,3,4,2
OAS2_0164,OAS2_0164_MR2,Demented,M,2,R,2,3,4,1,2,5,4,3,1
OAS2_0071,OAS2_0071_MR1,Demented,F,1,R,2,3,2,2,2,4,2,2,3
OAS2_0134,OAS2_0134_MR2,Demented,F,2,R,2,2,1,4,3,3,1,3,4
OAS2_0057,OAS2_0057_MR1,Nondemented,F,1,R,2,3,2,2,3,2,3,3,2
OAS2_0171,OAS2_0171_MR1,Nondemented,M,1,R,2,2,3,3,3,2,4,4,1
OAS2_0067,OAS2_0067_MR4,Nondemented,M,4,R,5,2,2,4,3,2,2,2,3
OAS2_0091,OAS2_0091_MR2,Nondemented,M,2,R,3,3,2,4,3,2,3,2,2
OAS2_0023,OAS2_0023_MR2,Demented,F,2,R,2,4,2,4,1,3,1,0,4
OAS2_0053,OAS2_0053_MR2,Nondemented,F,2,R,3,3,3,3,3,2,3,3,2
OAS2_0063,OAS2_0063_MR1,Demented,F,1,R,2,3,2,2,3,3,2,3,3
OAS2_0066,OAS2_0066_MR2,Demented,M,2,R,2,0,4,1,3,3,5,2,0
OAS2_0046,OAS2_0046_MR1,Demented,F,1,R,2,3,3,2,1,3,2,3,2
OAS2_0048,OAS2_0048_MR5,Demented,M,5,R,4,1,3,1,0,4,4,1,1
OAS2_0062,OAS2_0062_MR3,Nondemented,F,3,R,4,3,4,2,3,2,4,1,1
OAS2_0004,OAS2_0004_MR1,Nondemented,F,1,R,2,4,4,3,3,2,1,2,4
OAS2_0104,OAS2_0104_MR2,Demented,M,2,R,2,2,3,1,0,4,3,1,2
OAS2_0061,OAS2_0061_MR3,Nondemented,M,3,R,4,2,4,1,3,2,4,2,1
OAS2_0040,OAS2_0040_MR2,Demented,M,2,R,2,4,0,4,2,3,2,2,3
OAS2_0178,OAS2_0178_MR2,Nondemented,F,2,R,3,4,2,2,3,2,3,3,2
OAS2_0071,OAS2_0071_MR2,Demented,F,2,R,2,3,2,2,3,4,2,2,3
OAS2_0054,OAS2_0054_MR2,Converted,F,2,R,3,4,4,1,2,3,1,1,4
OAS2_0137,OAS2_0137_MR2,Demented,M,2,R,3,2,4,2,3,3,3,3,1
OAS2_0127,OAS2_0127_MR2,Converted,M,2,R,3,3,4,1,3,3,3,2,1
OAS2_0055,OAS2_0055_MR2,Nondemented,M,2,R,3,1,2,3,2,2,2,5,3
OAS2_0181,OAS2_0181_MR1,Demented,F,1,R,2,2,2,2,2,3,1,2,5
OAS2_0161,OAS2_0161_MR3,Nondemented,M,3,R,3,3,3,1,3,2,4,2,1
OAS2_0087,OAS2_0087_MR2,Demented,F,2,R,3,5,3,1,1,5,3,1,2
OAS2_0104,OAS2_0104_MR1,Demented,M,1,R,2,2,3,1,2,3,3,2,2
OAS2_0178,OAS2_0178_MR1,Nondemented,F,1,R,2,4,2,2,3,2,3,3,2
OAS2_0021,OAS2_0021_MR2,Demented,M,2,R,3,2,4,1,2,3,5,3,0
OAS2_0105,OAS2_0105_MR1,Nondemented,M,1,R,2,4,2,4,3,2,4,2,1
OAS2_0044,OAS2_0044_MR3,Demented,M,3,R,3,2,2,4,1,4,2,1,3
OAS2_0158,OAS2_0158_MR1,Nondemented,F,1,R,2,2,3,4,3,2,1,2,4
OAS2_0178,OAS2_0178_MR3,Nondemented,F,3,R,4,5,2,2,3,2,3,3,2
OAS2_0076,OAS2_0076_MR2,Nondemented,F,2,R,3,1,4,2,3,2,3,2,2
OAS2_0179,OAS2_0179_MR1,Demented,M,1,R,2,3,4,1,2,3,3,2,2
OAS2_0005,OAS2_0005_MR3,Nondemented,M,3,R,4,4,2,4,3,2,4,2,1
OAS2_0020,OAS2_0020_MR2,Converted,M,2,R,3,3,4,1,3,3,3,1,2
OAS2_0186,OAS2_0186_MR1,Nondemented,F,1,R,2,0,2,2,3,2,2,4,3
OAS2_0026,OAS2_0026_MR1,Demented,M,1,R,2,3,2,3,2,3,2,2,3
OAS2_0111,OAS2_0111_MR1,Demented,M,1,R,2,0,2,4,0,3,3,2,2
OAS2_0126,OAS2_0126_MR1,Nondemented,F,1,R,2,2,2,3,3,2,2,3,3
OAS2_0149,OAS2_0149_MR1,Nondemented,F,1,R,2,3,2,2,3,2,2,3,3
OAS2_0185,OAS2_0185_MR3,Demented,M,3,R,5,4,3,1,2,3,4,1,1
OAS2_0020,OAS2_0020_MR1,Converted,M,1,R,2,3,4,1,3,2,3,1,2
OAS2_0027,OAS2_0027_MR2,Nondemented,F,2,R,3,2,2,3,3,2,2,4,3
OAS2_0022,OAS2_0022_MR2,Nondemented,F,2,R,3,1,3,3,3,2,2,4,3
OAS2_0142,OAS2_0142_MR2,Nondemented,F,2,R,3,2,3,3,3,2,2,5,3
OAS2_0152,OAS2_0152_MR1,Nondemented,F,1,R,2,1,4,2,3,2,1,4,4
OAS2_0073,OAS2_0073_MR4,Nondemented,F,4,R,5,2,2,3,3,2,3,4,2
OAS2_0031,OAS2_0031_MR1,Converted,F,1,R,2,4,2,3,3,2,2,2,3
OAS2_0076,OAS2_0076_MR3,Nondemented,F,3,R,4,2,4,2,3,2,3,2,2
OAS2_0068,OAS2_0068_MR1,Nondemented,F,1,R,2,4,2,3,3,2,2,2,3
OAS2_0057,OAS2_0057_MR3,Nondemented,F,3,R,4,4,2,2,3,2,3,3,2
OAS2_0128,OAS2_0128_MR1,Nondemented,F,1,R,2,2,3,1,3,2,2,3,3
OAS2_0120,OAS2_0120_MR2,Demented,F,2,R,2,3,2,3,0,5,2,2,3
OAS2_0050,OAS2_0050_MR1,Demented,M,1,R,2,2,2,4,1,3,2,2,3
OAS2_0171,OAS2_0171_MR2,Nondemented,M,2,R,2,2,3,3,3,2,4,4,1
OAS2_0129,OAS2_0129_MR1,Nondemented,F,1,R,2,3,4,1,3,2,2,1,3
OAS2_0156,OAS2_0156_MR2,Nondemented,F,2,R,3,3,4,1,3,2,1,3,4
OAS2_0141,OAS2_0141_MR2,Nondemented,F,2,R,3,1,4,2,3,2,1,4,4
OAS2_0094,OAS2_0094_MR2,Nondemented,F,2,R,3,1,3,1,3,2,2,4,3
OAS2_0079,OAS2_0079_MR1,Demented,F,1,R,2,1,2,4,1,3,2,3,3
OAS2_0001,OAS2_0001_MR2,Nondemented,M,2,R,2,4,2,2,3,2,5,1,0
OAS2_0066,OAS2_0066_MR1,Demented,M,1,R,2,0,4,1,3,4,5,2,0
OAS2_0052,OAS2_0052_MR2,Nondemented,M,2,R,4,3,4,2,3,2,2,2,2
OAS2_0174,OAS2_0174_MR3,Nondemented,M,3,R,4,1,2,4,3,2,2,4,3
OAS2_0149,OAS2_0149_MR2,Nondemented,F,2,R,3,3,2,2,3,2,2,2,3
OAS2_0051,OAS2_0051_MR1,Nondemented,F,1,R,2,4,5,1,3,2,2,2,3
OAS2_0005,OAS2_0005_MR2,Nondemented,M,2,R,3,3,2,4,3,3,4,2,1
OAS2_0185,OAS2_0185_MR2,Demented,M,2,R,3,3,3,1,3,3,4,1,1
OAS2_0177,OAS2_0177_MR1,Nondemented,M,1,R,2,1,2,3,2,2,2,4,3
OAS2_0133,OAS2_0133_MR3,Converted,F,3,R,3,3,2,3,3,3,3,1,2
OAS2_0172,OAS2_0172_MR2,Demented,M,2,R,3,3,3,1,3,3,5,2,0
OAS2_0090,OAS2_0090_MR3,Nondemented,M,3,R,4,2,4,2,3,2,3,3,2
OAS2_0138,OAS2_0138_MR1,Nondemented,F,1,R,2,2,3,2,3,2,0,4,5
OAS2_0112,OAS2_0112_MR2,Demented,F,2,R,2,3,2,3,1,3,2,1,3
OAS2_0012,OAS2_0012_MR3,Nondemented,F,3,R,4,3,3,2,3,2,2,2,3
OAS2_0176,OAS2_0176_MR1,Converted,M,1,R,2,3,3,2,3,2,2,2,3
OAS2_0183,OAS2_0183_MR3,Nondemented,F,3,R,3,1,2,2,3,2,3,3,2
OAS2_0175,OAS2_0175_MR1,Demented,M,1,R,2,2,3,4,2,3,4,3,1
OAS2_0040,OAS2_0040_MR1,Demented,M,1,R,2,3,0,4,2,3,2,2,4
OAS2_0026,OAS2_0026_MR2,Demented,M,2,R,3,3,2,3,2,3,2,2,3
OAS2_0162,OAS2_0162_MR2,Demented,M,2,R,3,3,2,2,1,3,3,1,2
OAS2_0152,OAS2_0152_MR2,Nondemented,F,2,R,3,1,4,2,3,2,1,4,4
OAS2_0169,OAS2_0169_MR2,Nondemented,F,2,R,3,2,4,1,3,2,2,3,3
OAS2_0103,OAS2_0103_MR2,Converted,F,2,R,4,2,3,1,3,3,2,2,3
OAS2_0164,OAS2_0164_MR1,Demented,M,1,R,2,2,4,1,1,4,4,3,1
OAS2_0119,OAS2_0119_MR3,Nondemented,F,3,R,4,4,3,2,3,2,3,3,2
OAS2_0063,OAS2_0063_MR2,Demented,F,2,R,2,3,2,2,2,3,2,2,3
OAS2_0096,OAS2_0096_MR1,Nondemented,F,1,R,2,4,2,3,3,2,1,3,5
OAS2_0169,OAS2_0169_MR1,Nondemented,F,1,R,2,2,4,1,3,2,2,2,3
OAS2_0052,OAS2_0052_MR1,Nondemented,M,1,R,2,2,4,2,3,2,2,3,3
OAS2_0183,OAS2_0183_MR2,Nondemented,F,2,R,2,1,2,2,3,2,3,3,2
OAS2_0034,OAS2_0034_MR2,Nondemented,F,2,R,2,3,3,1,3,2,2,2,3
OAS2_0045,OAS2_0045_MR2,Nondemented,F,2,R,3,2,4,1,3,2,2,2,3
OAS2_0118,OAS2_0118_MR1,Converted,F,1,R,2,1,2,4,3,2,3,4,2
OAS2_0034,OAS2_0034_MR1,Nondemented,F,1,R,2,3,3,1,3,2,2,2,3
OAS2_0001,OAS2_0001_MR1,Nondemented,M,1,R,2,4,2,2,2,2,5,2,0
OAS2_0016,OAS2_0016_MR1,Demented,M,1,R,2,4,0,4,2,3,3,1,1
OAS2_0175,OAS2_0175_MR3,Demented,M,3,R,4,2,3,4,3,3,4,2,1
OAS2_0120,OAS2_0120_MR1,Demented,F,1,R,2,2,2,3,2,4,2,2,3
OAS2_0081,OAS2_0081_MR1,Demented,F,1,R,2,3,2,4,2,3,1,2,4
OAS2_0089,OAS2_0089_MR1,Demented,M,1,R,2,2,2,2,3,3,2,1,3
OAS2_0069,OAS2_0069_MR2,Nondemented,F,2,R,2,3,4,2,3,2,2,1,2
OAS2_0116,OAS2_0116_MR1,Demented,F,1,R,2,2,2,3,2,3,2,4,3
OAS2_0156,OAS2_0156_MR1,Nondemented,F,1,R,2,3,4,1,3,2,1,3,4
OAS2_0073,OAS2_0073_MR3,Nondemented,F,3,R,4,2,2,3,3,2,3,4,2
OAS2_0067,OAS2_0067_MR3,Nondemented,M,3,R,4,2,2,4,3,2,2,2,3
OAS2_0133,OAS2_0133_MR1,Converted,F,1,R,2,3,2,3,3,2,2,2,2
OAS2_0031,OAS2_0031_MR3,Converted,F,3,R,4,4,2,3,3,3,2,2,3
OAS2_0096,OAS2_0096_MR2,Nondemented,F,2,R,3,4,2,3,3,2,1,3,5
OAS2_0099,OAS2_0099_MR2,Demented,F,2,R,3,3,2,2,1,3,2,3,2
OAS2_0157,OAS2_0157_MR1,Demented,F,1,R,2,2,2,2,0,4,1,2,4
OAS2_0070,OAS2_0070_MR1,Nondemented,M,1,R,2,3,3,1,3,2,4,2,1
OAS2_0058,OAS2_0058_MR1,Demented,M,1,R,2,3,2,3,3,3,2,2,4
OAS2_0009,OAS2_0009_MR2,Demented,M,2,R,2,1,2,2,2,3,2,4,2
OAS2_0105,OAS2_0105_MR2,Nondemented,M,2,R,3,4,2,4,3,2,4,2,1
OAS2_0165,OAS2_0165_MR1,Demented,M,1,R,2,3,2,3,1,4,3,2,2
OAS2_0109,OAS2_0109_MR1,Nondemented,M,1,R,2,3,1,4,3,2,4,1,1
OAS2_0048,OAS2_0048_MR1,Demented,M,1,R,2,1,3,1,0,4,4,2,1
OAS2_0058,OAS2_0058_MR3,Demented,M,3,R,3,3,2,3,3,3,2,2,3
OAS2_0032,OAS2_0032_MR2,Demented,M,2,R,3,4,2,3,2,3,2,1,4
OAS2_0041,OAS2_0041_MR1,Converted,F,1,R,2,2,3,1,2,2,1,4,4
OAS2_0186,OAS2_0186_MR3,Nondemented,F,3,R,4,1,2,2,3,2,2,4,3
OAS2_0030,OAS2_0030_MR2,Nondemented,F,2,R,3,0,4,1,3,2,2,5,3
OAS2_0012,OAS2_0012_MR1,Nondemented,F,1,R,2,3,3,2,3,2,2,3,3
OAS2_0043,OAS2_0043_MR1,Demented,F,1,R,2,2,2,4,2,3,2,4,3
OAS2_0118,OAS2_0118_MR2,Converted,F,2,R,4,2,2,4,2,3,3,4,2
OAS2_0064,OAS2_0064_MR2,Demented,F,2,R,3,3,0,5,2,3,2,1,3
OAS2_0018,OAS2_0018_MR3,Converted,F,3,R,2,4,2,1,3,2,2,2,3
OAS2_0144,OAS2_0144_MR2,Converted,M,2,R,3,3,3,1,3,3,4,2,1
OAS2_0064,OAS2_0064_MR3,Demented,F,3,R,4,3,0,5,0,3,2,1,3
OAS2_0122,OAS2_0122_MR1,Nondemented,F,1,R,2,4,3,3,3,2,1,3,4
OAS2_0039,OAS2_0039_MR1,Demented,F,1,R,2,3,4,2,2,3,1,3,5
OAS2_0014,OAS2_0014_MR2,Demented,M,2,R,2,2,3,3,0,4,3,2,2
OAS2_0141,OAS2_0141_MR1,Nondemented,F,1,R,2,1,4,2,3,2,1,5,4
OAS2_0023,OAS2_0023_MR1,Demented,F,1,R,2,4,2,4,1,3,1,1,4
OAS2_0047,OAS2_0047_MR2,Nondemented,F,2,R,2,3,3,2,2,2,2,2,3
OAS2_0041,OAS2_0041_MR3,Converted,F,3,R,4,2,3,1,3,3,2,3,4
OAS2_0121,OAS2_0121_MR1,Nondemented,F,1,R,2,2,1,4,3,2,2,2,2
OAS2_0088,OAS2_0088_MR1,Demented,M,1,R,2,3,2,4,1,4,2,1,2
OAS2_0037,OAS2_0037_MR2,Demented,M,2,R,3,4,2,4,3,3,3,2,2
OAS2_0119,OAS2_0119_MR2,Nondemented,F,2,R,3,3,3,2,3,2,2,3,2
OAS2_0119,OAS2_0119_MR1,Nondemented,F,1,R,2,3,3,2,3,2,3,3,2
OAS2_0112,OAS2_0112_MR1,Demented,F,1,R,2,2,2,3,2,3,2,2,4
OAS2_0131,OAS2_0131_MR1,Converted,F,1,R,2,1,2,2,3,3,2,3,3
OAS2_0064,OAS2_0064_MR1,Demented,F,1,R,2,3,0,5,1,4,2,1,3
OAS2_0144,OAS2_0144_MR1,Converted,M,1,R,2,2,3,1,3,2,4,2,1
OAS2_0027,OAS2_0027_MR3,Nondemented,F,3,R,4,2,2,3,3,2,2,4,3
OAS2_0099,OAS2_0099_MR1,Demented,F,1,R,2,3,2,2,2,3,2,3,2
OAS2_0182,OAS2_0182_MR1,Demented,M,1,R,2,2,2,2,1,3,4,2,1
OAS2_0181,OAS2_0181_MR2,Demented,F,2,R,2,2,2,2,3,4,1,3,5
OAS2_0062,OAS2_0062_MR2,Nondemented,F,2,R,3,3,4,2,3,2,4,1,1
OAS2_0027,OAS2_0027_MR4,Nondemented,F,4,R,4,2,2,3,3,2,2,4,3
OAS2_0114,OAS2_0114_MR2,Demented,F,2,R,2,3,2,2,2,4,1,2,4
OAS2_0028,OAS2_0028_MR2,Demented,M,2,R,3,1,4,2,1,4,3,2,2
OAS2_0040,OAS2_0040_MR3,Demented,M,3,R,3,4,0,4,1,3,2,2,3
OAS2_0017,OAS2_0017_MR4,Nondemented,M,4,R,5,4,2,3,3,2,4,3,1
OAS2_0057,OAS2_0057_MR2,Nondemented,F,2,R,3,3,2,2,3,2,3,3,2
OAS2_0100,OAS2_0100_MR3,Nondemented,F,3,R,4,3,1,4,3,2,3,3,2
OAS2_0147,OAS2_0147_MR2,Nondemented,F,2,R,2,3,2,2,3,2,2,4,3
OAS2_0094,OAS2_0094_MR1,Nondemented,F,1,R,2,0,3,1,3,2,3,4,2
OAS2_0044,OAS2_0044_MR1,Demented,M,1,R,2,1,2,4,1,4,2,1,3
OAS2_0161,OAS2_0161_MR2,Nondemented,M,2,R,2,3,3,1,3,2,4,3,1
OAS2_0160,OAS2_0160_MR2,Demented,M,2,R,2,3,2,2,3,4,3,2,2
OAS2_0122,OAS2_0122_MR2,Nondemented,F,2,R,3,4,3,3,3,2,1,3,4
OAS2_0031,OAS2_0031_MR2,Converted,F,2,R,2,4,2,3,3,2,2,2,3
OAS2_0018,OAS2_0018_MR1,Converted,F,1,R,2,4,2,1,3,2,2,2,3
OAS2_0020,OAS2_0020_MR3,Converted,M,3,R,4,3,4,1,2,3,3,1,2
OAS2_0028,OAS2_0028_MR1,Demented,M,1,R,2,1,4,2,1,3,3,3,2
OAS2_0126,OAS2_0126_MR3,Nondemented,F,3,R,3,2,2,3,3,2,2,3,3
OAS2_0049,OAS2_0049_MR1,Nondemented,F,1,R,2,1,3,3,3,2,3,4,2
OAS2_0092,OAS2_0092_MR2,Converted,F,2,R,3,3,2,2,2,3,2,2,3
OAS2_0077,OAS2_0077_MR2,Nondemented,M,2,R,4,2,3,2,3,2,5,2,0
OAS2_0143,OAS2_0143_MR2,Nondemented,F,2,R,2,4,4,2,3,2,4,3,1
OAS2_0055,OAS2_0055_MR1,Nondemented,M,1,R,2,1,2,3,3,2,2,5,3
OAS2_0058,OAS2_0058_MR2,Demented,M,2,R,2,3,2,3,2,3,1,2,4
OAS2_0103,OAS2_0103_MR1,Converted,F,1,R,2,1,3,1,3,2,2,3,3
OAS2_0140,OAS2_0140_MR3,Demented,F,3,R,4,3,3,3,2,3,2,1,3
OAS2_0158,OAS2_0158_MR2,Nondemented,F,2,R,4,2,3,4,3,2,1,1,4
OAS2_0027,OAS2_0027_MR1,Nondemented,F,1,R,2,1,2,3,3,2,2,4,3
OAS2_0101,OAS2_0101_MR2,Nondemented,F,2,R,3,2,4,2,3,2,2,3,3
OAS2_0185,OAS2_0185_MR1,Demented,M,1,R,2,3,3,1,3,3,4,2,1
OAS2_0047,OAS2_0047_MR1,Nondemented,F,1,R,2,2,3,2,3,2,2,2,3
OAS2_0075,OAS2_0075_MR2,Demented,F,2,R,2,2,0,5,1,3,1,3,5
OAS2_0127,OAS2_0127_MR3,Converted,M,3,R,3,3,4,1,3,3,3,2,2
OAS2_0182,OAS2_0182_MR2,Demented,M,2,R,3,2,2,2,1,3,3,2,1
OAS2_0037,OAS2_0037_MR4,Demented,M,4,R,5,4,2,4,2,3,3,2,2
OAS2_0146,OAS2_0146_MR1,Demented,F,1,R,2,3,3,2,1,4,4,1,1
OAS2_0013,OAS2_0013_MR1,Nondemented,F,1,R,2,3,2,4,3,2,1,2,4
OAS2_0037,OAS2_0037_MR1,Demented,M,1,R,2,3,2,4,2,3,2,2,2
OAS2_0009,OAS2_0009_MR1,Demented,M,1,R,2,1,2,2,2,3,2,5,3
OAS2_0078,OAS2_0078_MR1,Nondemented,M,1,R,2,4,3,1,3,2,3,1,2
